program,level,faculty,department
B.A. spécialisé bidisciplinaire en communication et lettres françaises,Bachelor's,Arts,Non-Engineering
B.A. spécialisé Lettres françaises,Bachelor's,Arts,Non-Engineering
B.A. spécialisé Lettres françaises et Baccalauréat en éducation,Bachelor's,Arts,Non-Engineering
Bachelor of Arts in Interdisciplinary Studies,Bachelor's,Arts,Non-Engineering
Bachelor of Fine Arts (BFA),Bachelor's,Arts,Non-Engineering
Bachelor of Fine Arts in Acting,Bachelor's,Arts,Non-Engineering
Bachelor of Music (BMUS) - Arts Administration Profile,Bachelor's,Arts,Non-Engineering
Bachelor of Music (BMUS) - Composition Profile,Bachelor's,Arts,Non-Engineering
Bachelor of Music (BMUS) - General Profile,Bachelor's,Arts,Non-Engineering
Bachelor of Music (BMus) - Music Education Profile,Bachelor's,Arts,Non-Engineering
Bachelor of Music (BMus) - Musicology - Theory Profile,Bachelor's,Arts,Non-Engineering
Bachelor of Music (BMUS) - Performance Profile,Bachelor's,Arts,Non-Engineering
Bachelor of Music (BMus) - Piano Pedagogy Profile,Bachelor's,Arts,Non-Engineering
Bachelor of Music and Honours Bachelor of Science with Major,Bachelor's,Arts,Non-Engineering
Honours BA Communication,Bachelor's,Arts,Non-Engineering
Honours BA English,Bachelor's,Arts,Non-Engineering
Honours BA Environmental Studies,Bachelor's,Arts,Non-Engineering
Honours BA Environmental Studies (Bilingual Program),Bachelor's,Arts,Non-Engineering
Honours BA Ethics and Political Philosophy,Bachelor's,Arts,Non-Engineering
Honours BA French Studies,Bachelor's,Arts,Non-Engineering
Honours BA French-English Translation,Bachelor's,Arts,Non-Engineering
Honours BA French-English Translation (two years),Bachelor's,Arts,Non-Engineering
Honours BA French-Spanish-English Translation,Bachelor's,Arts,Non-Engineering
Honours BA French-Spanish-English Translation (two years),Bachelor's,Arts,Non-Engineering
Honours BA Geography,Bachelor's,Arts,Non-Engineering
Honours BA Greek and Roman Studies,Bachelor's,Arts,Non-Engineering
Honours BA History,Bachelor's,Arts,Non-Engineering
Honours BA Linguistics,Bachelor's,Arts,Non-Engineering
Honours BA Music,Bachelor's,Arts,Non-Engineering
Honours BA Philosophy,Bachelor's,Arts,Non-Engineering
Honours BA Religious Studies,Bachelor's,Arts,Non-Engineering
Honours BA Second Language Teaching - Teaching English as a Second Language (ESL),Bachelor's,Arts,Non-Engineering
Honours BA Second Language Teaching - Teaching French as a Second Language (FLS),Bachelor's,Arts,Non-Engineering
Honours BA Spanish,Bachelor's,Arts,Non-Engineering
Honours BA Theatre,Bachelor's,Arts,Non-Engineering
Honours Bachelor of Digital Journalism,Bachelor's,Arts,Non-Engineering
Honours Bachelor of Public Relations,Bachelor's,Arts,Non-Engineering
Joint Honours BA in Communication and Political Science,Bachelor's,Arts,Non-Engineering
Joint Honours BA in Communication and Sociology,Bachelor's,Arts,Non-Engineering
Joint Honours BA in History and Political Science,Bachelor's,Arts,Non-Engineering
Joint Honours BA in Philosophy and Political Science,Bachelor's,Arts,Non-Engineering
Joint Honours BA in Psychology and Linguistics,Bachelor's,Arts,Non-Engineering
Joint Honours BSocSc in Communication and Political Science,Bachelor's,Arts,Non-Engineering
Joint Honours BSocSc in Communication and Sociology,Bachelor's,Arts,Non-Engineering
Joint Honours BSocSc in History and Political Science,Bachelor's,Arts,Non-Engineering
Joint Honours BSocSc in Philosophy and Political Science,Bachelor's,Arts,Non-Engineering
Majeure en lettres françaises et Baccalauréat en éducation,Bachelor's,Arts,Non-Engineering
B.A. spécialisé Lettres françaises et Baccalauréat en éducation,Bachelor's,Education,Non-Engineering
B.Sc. spécialisé Sciences et Baccalauréat en éducation - Cycles intermédiaire/supérieur,Bachelor's,Education,Non-Engineering
Baccalauréat spécialisé en sciences de l'activité physique - éducation et coaching et Formation à l'enseignement - Cycles intermédiaire/supérieur,Bachelor's,Education,Non-Engineering
Baccalauréat spécialisé en sciences de l'activité physique - éducation et coaching et Formation à l'enseignement - Cycles moyen/intermédiaire,Bachelor's,Education,Non-Engineering
Baccalauréat spécialisé en sciences de l'activité physique - éducation et coaching et Formation à l'enseignement - Cycles primaire/moyen,Bachelor's,Education,Non-Engineering
Certificat/Baccalauréat en éducation - Éducation technologique,Bachelor's,Education,Non-Engineering
Formation à l'enseignement - Cycles intermédiaire/supérieur,Bachelor's,Education,Non-Engineering
Formation à l'enseignement - Cycles moyen/intermédiaire,Bachelor's,Education,Non-Engineering
Formation à l'enseignement - Cycles primaire/moyen,Bachelor's,Education,Non-Engineering
Formation à l'enseignement en mode alternatif - B.Éd. (à temps partiel) - Cycles moyen/intermédiaire,Bachelor's,Education,Non-Engineering
Formation à l'enseignement en mode alternatif - B.Éd. (à temps partiel) - Cycles primaire/moyen,Bachelor's,Education,Non-Engineering
Indigenous Teacher Education Program - Certificate/BEd (Primary/Junior division),Bachelor's,Education,Non-Engineering
Majeure en lettres françaises et Baccalauréat en éducation,Bachelor's,Education,Non-Engineering
Teacher Education - Intermediate/Senior division,Bachelor's,Education,Non-Engineering
Teacher Education - Junior/Intermediate division,Bachelor's,Education,Non-Engineering
Teacher Education - Primary/Junior division,Bachelor's,Education,Non-Engineering
Bachelor of Multidisciplinary Design - Experiential Learning,Bachelor's,Engineering,Design
BASc Biomedical Mechanical Engineering,Bachelor's,Engineering,Mechanical
BASc Biomedical Mechanical Engineering and BSc Computing Technology,Bachelor's,Engineering,Mechanical
BASc Chemical Engineering,Bachelor's,Engineering,Chemical
BASc Chemical Engineering and BSc Computing Technology,Bachelor's,Engineering,EECS
BASc Chemical Engineering Engineering Management and Entrepreneurship Option,Bachelor's,Engineering,Chemical
BASc Chemical Engineering Environmental Engineering Option,Bachelor's,Engineering,Chemical
BASc Civil Engineering,Bachelor's,Engineering,Civil
BASc Civil Engineering and BSc Computing Technology,Bachelor's,Engineering,Civil
BASc Civil Engineering Engineering Management and Entrepreneurship Option,Bachelor's,Engineering,Civil
BASc Civil Engineering Environmental and Water Resources Option,Bachelor's,Engineering,Civil
BASc Civil Engineering Structural and Geotechnical Option,Bachelor's,Engineering,Civil
BASc Computer Engineering,Bachelor's,Engineering,EECS
BASc Computer Engineering Engineering Management and Entrepreneurship Option,Bachelor's,Engineering,EECS
BASc Electrical Engineering,Bachelor's,Engineering,EECS
BASc Electrical Engineering and BSc Computing Technology,Bachelor's,Engineering,EECS
BASc Electrical Engineering Engineering Management and Entrepreneurship Option,Bachelor's,Engineering,EECS
BASc Mechanical Engineering,Bachelor's,Engineering,Mechanical
BASc Mechanical Engineering and BSc Computing Technology,Bachelor's,Engineering,Mechanical
BASc Mechanical Engineering Engineering Management and Entrepreneurship Option,Bachelor's,Engineering,Mechanical
BASc Software Engineering,Bachelor's,Engineering,EECS
BASc Software Engineering Engineering Management and Entrepreneurship Option,Bachelor's,Engineering,EECS
Honours BSc Biochemistry and BASc Chemical Engineering (Biotechnology),Bachelor's,Engineering,Chemical
Honours BSc Computer Science,Bachelor's,Engineering,EECS
Honours BSc Computer Science Data Science Option,Bachelor's,Engineering,EECS
Honours BSc Computer Science Management and Entrepreneurship Option,Bachelor's,Engineering,EECS
Honours BSc Mathematics and Honours BSc Computer Science (Data Science),Bachelor's,Engineering,EECS
Honours BSc Physics and BASc Electrical Engineering,Bachelor's,Engineering,EECS
Joint Honours BSc in Computer Science and Mathematics,Bachelor's,Engineering,EECS
Baccalauréat spécialisé en sciences de l'activité physique - éducation et coaching et Formation à l'enseignement - Cycles intermédiaire/supérieur,Bachelor's,Health Sciences,Non-Engineering
Baccalauréat spécialisé en sciences de l'activité physique - éducation et coaching et Formation à l'enseignement - Cycles moyen/intermédiaire,Bachelor's,Health Sciences,Non-Engineering
Baccalauréat spécialisé en sciences de l'activité physique - éducation et coaching et Formation à l'enseignement - Cycles primaire/moyen,Bachelor's,Health Sciences,Non-Engineering
Honours Bachelor of Health Sciences,Bachelor's,Health Sciences,Non-Engineering
Honours Bachelor of Health Sciences - Option Integrative Health Biosciences,Bachelor's,Health Sciences,Non-Engineering
Honours Bachelor of Health Sciences - Population and Public Health Option,Bachelor's,Health Sciences,Non-Engineering
Honours Bachelor of Health Sciences - Population and Public Health Option and Master of Health Sciences Occupational Therapy,Bachelor's,Health Sciences,Non-Engineering
Honours Bachelor of Health Sciences - Population and Public Health Option and Master of Health Sciences Physiotherapy,Bachelor's,Health Sciences,Non-Engineering
Honours Bachelor of Health Sciences - Technologies and Innovation in Healthcare Option and Master of Health Sciences Occupational Therapy,Bachelor's,Health Sciences,Non-Engineering
Honours Bachelor of Health Sciences - Technologies and Innovation in Healthcare Option and Master of Health Sciences Physiotherapy,Bachelor's,Health Sciences,Non-Engineering
Honours Bachelor of Health Sciences -Technologies and Innovation in Healthcare Option,Bachelor's,Health Sciences,Non-Engineering
Honours Bachelor of Health Sciences and Master of Health Sciences Audiology,Bachelor's,Health Sciences,Non-Engineering
Honours Bachelor of Health Sciences and Master of Health Sciences Occupational Therapy,Bachelor's,Health Sciences,Non-Engineering
Honours Bachelor of Health Sciences and Master of Health Sciences Physiotherapy,Bachelor's,Health Sciences,Non-Engineering
Honours Bachelor of Health Sciences and Master of Health Sciences Speech-Language Pathology,Bachelor's,Health Sciences,Non-Engineering
Honours Bachelor of Human Kinetics,Bachelor's,Health Sciences,Non-Engineering
Honours Bachelor of Human Kinetics - Education and Coaching,Bachelor's,Health Sciences,Non-Engineering
Honours Bachelor of Human Kinetics - Education and Coaching - Studies of Social Issues in Sport Physical Activity and Leisure Option,Bachelor's,Health Sciences,Non-Engineering
Honours Bachelor of Human Kinetics - Recreation and Sport Management,Bachelor's,Health Sciences,Non-Engineering
Honours Bachelor of Human Kinetics - Recreation and Sport Management - Studies of Social Issues in Sport Physical Activity and Leisure Option,Bachelor's,Health Sciences,Non-Engineering
Honours Bachelor of Human Kinetics - Studies of Social Issues in Sport Physical Activity and Leisure Option,Bachelor's,Health Sciences,Non-Engineering
Honours Bachelor of Human Kinetics and Master of Health Sciences Occupational Therapy,Bachelor's,Health Sciences,Non-Engineering
Honours Bachelor of Human Kinetics and Master of Health Sciences Physiotherapy,Bachelor's,Health Sciences,Non-Engineering
Honours Bachelor of Integrated Food Sciences in partnership with Le Cordon Bleu,Bachelor's,Health Sciences,Non-Engineering
Honours Bachelor of Science in Food Sciences,Bachelor's,Health Sciences,Non-Engineering
Honours Bachelor of Science in Food Sciences - Food Technology Option,Bachelor's,Health Sciences,Non-Engineering
Honours Bachelor of Science in Food Sciences - Nutrition Option,Bachelor's,Health Sciences,Non-Engineering
Honours Bachelor of Science in Human Kinetics and Master of Health Sciences Occupational Therapy,Bachelor's,Health Sciences,Non-Engineering
Honours Bachelor of Science in Human Kinetics and Master of Health Sciences Physiotherapy,Bachelor's,Health Sciences,Non-Engineering
Honours Bachelor of Science in Nursing,Bachelor's,Health Sciences,Non-Engineering
Honours Bachelor of Science in Nursing - Second Entry Program,Bachelor's,Health Sciences,Non-Engineering
Honours Bachelor of Science in Nursing – Bridging Pathway,Bachelor's,Health Sciences,Non-Engineering
Honours Bachelor of Science in Nursing (Coming Soon),Bachelor's,Health Sciences,Non-Engineering
Honours Bachelor of Science in Nutrition and Dietetics,Bachelor's,Health Sciences,Non-Engineering
Honours BSc Human Kinetics,Bachelor's,Health Sciences,Non-Engineering
Honours BSc Human Kinetics - Applied Studies in Kinesiology,Bachelor's,Health Sciences,Non-Engineering
Honours Bachelor of Commerce and Juris Doctor,Bachelor's,Law,Non-Engineering
Honours BSocSc Political Science and Juris Doctor (JD),Bachelor's,Law,Non-Engineering
Juris Doctor (JD),Bachelor's,Law,Non-Engineering
Juris Doctor (JD) / American University Washington College of Law or Michigan State University College of Law) - Incoming,Bachelor's,Law,Non-Engineering
Juris Doctor (JD) / American University Washington College of Law or Michigan State University College of Law) - Outgoing,Bachelor's,Law,Non-Engineering
Licentiate in Law (LLL) and Honours BSocSc in International Development and Globalization,Bachelor's,Law,Non-Engineering
National Program (JD),Bachelor's,Law,Non-Engineering
National Program (LL.L.),Bachelor's,Law,Non-Engineering
Honours Bachelor of Commerce (Option in Accounting),Bachelor's,Management (Telfer),Non-Engineering
Honours Bachelor of Commerce (Option in Accounting) (Complementary Option in Business Analytics),Bachelor's,Management (Telfer),Non-Engineering
Honours Bachelor of Commerce (Option in Accounting) (Complementary Option in Entrepreneurship),Bachelor's,Management (Telfer),Non-Engineering
Honours Bachelor of Commerce (Option in Accounting) and Master of Science in Management,Bachelor's,Management (Telfer),Non-Engineering
Honours Bachelor of Commerce (Option in Business Technology Management),Bachelor's,Management (Telfer),Non-Engineering
Honours Bachelor of Commerce (Option in Business Technology Management) (Complementary Option in Entrepreneurship),Bachelor's,Management (Telfer),Non-Engineering
Honours Bachelor of Commerce (Option in Business Technology Management) and Master of Science in Management,Bachelor's,Management (Telfer),Non-Engineering
Honours Bachelor of Commerce (Option in Finance),Bachelor's,Management (Telfer),Non-Engineering
Honours Bachelor of Commerce (Option in Finance) (Complementary Option in Business Analytics),Bachelor's,Management (Telfer),Non-Engineering
Honours Bachelor of Commerce (Option in Finance) (Complementary Option in Entrepreneurship),Bachelor's,Management (Telfer),Non-Engineering
Honours Bachelor of Commerce (Option in Finance) and Master of Science in Management,Bachelor's,Management (Telfer),Non-Engineering
Honours Bachelor of Commerce (Option in Healthcare Analytics),Bachelor's,Management (Telfer),Non-Engineering
Honours Bachelor of Commerce (Option in Healthcare Analytics) (Complementary Option in Entrepreneurship),Bachelor's,Management (Telfer),Non-Engineering
Honours Bachelor of Commerce (Option in Healthcare Analytics) and Master of Science in Management,Bachelor's,Management (Telfer),Non-Engineering
Honours Bachelor of Commerce (Option in Human Resource Management),Bachelor's,Management (Telfer),Non-Engineering
Honours Bachelor of Commerce (Option in Human Resource Management) (Complementary Option in Business Analytics),Bachelor's,Management (Telfer),Non-Engineering
Honours Bachelor of Commerce (Option in Human Resource Management) (Complementary Option in Entrepreneurship),Bachelor's,Management (Telfer),Non-Engineering
Honours Bachelor of Commerce (Option in Human Resource Management) and Master of Science in Management,Bachelor's,Management (Telfer),Non-Engineering
Honours Bachelor of Commerce (Option in International Management),Bachelor's,Management (Telfer),Non-Engineering
Honours Bachelor of Commerce (Option in International Management) (Complementary Option in Entrepreneurship),Bachelor's,Management (Telfer),Non-Engineering
Honours Bachelor of Commerce (Option in International Management) and Master of Science in Management,Bachelor's,Management (Telfer),Non-Engineering
Honours Bachelor of Commerce (Option in Management),Bachelor's,Management (Telfer),Non-Engineering
Honours Bachelor of Commerce (Option in Management) (Complementary Option in Business Analytics),Bachelor's,Management (Telfer),Non-Engineering
Honours Bachelor of Commerce (Option in Management) (Complementary Option in Entrepreneurship),Bachelor's,Management (Telfer),Non-Engineering
Honours Bachelor of Commerce (Option in Management) and Master of Science in Management,Bachelor's,Management (Telfer),Non-Engineering
Honours Bachelor of Commerce (Option in Marketing),Bachelor's,Management (Telfer),Non-Engineering
Honours Bachelor of Commerce (Option in Marketing) (Complementary Option in Business Analytics),Bachelor's,Management (Telfer),Non-Engineering
Honours Bachelor of Commerce (Option in Marketing) (Complementary Option in Entrepreneurship),Bachelor's,Management (Telfer),Non-Engineering
Honours Bachelor of Commerce (Option in Marketing) and Master of Science in Management,Bachelor's,Management (Telfer),Non-Engineering
Honours Bachelor of Commerce and Juris Doctor,Bachelor's,Management (Telfer),Non-Engineering
Honours Bachelor of Commerce in Accounting,Bachelor's,Management (Telfer),Non-Engineering
Honours Bachelor of Commerce in Accounting and Master of Science in Management,Bachelor's,Management (Telfer),Non-Engineering
Honours Bachelor of Science in Translational and Molecular Medicine,Bachelor's,Medicine,Non-Engineering
Honours Bachelor of Science in Translational and Molecular Medicine and Doctorate of Philosophy,Bachelor's,Medicine,Non-Engineering
Honours Bachelor of Science in Translational and Molecular Medicine and Master of Science,Bachelor's,Medicine,Non-Engineering
Undergraduate Doctor of Pharmacy (D.Pharm.),Bachelor's,Medicine,Non-Engineering
Undergraduate Medical Education (MD Program),Bachelor's,Medicine,Non-Engineering
Undergraduate Medical Education (MD Program) and Doctorate in Philosophy Biochemistry,Bachelor's,Medicine,Non-Engineering
Undergraduate Medical Education (MD Program) and Doctorate in Philosophy Biochemistry and Specialization Human and Molecular Genetics,Bachelor's,Medicine,Non-Engineering
Undergraduate Medical Education (MD Program) and Doctorate in Philosophy Biology,Bachelor's,Medicine,Non-Engineering
Undergraduate Medical Education (MD Program) and Doctorate in Philosophy Cellular and Molecular Medicine,Bachelor's,Medicine,Non-Engineering
Undergraduate Medical Education (MD Program) and Doctorate in Philosophy Cellular and Molecular Medicine and Specialization Human and Molecular Genetics,Bachelor's,Medicine,Non-Engineering
Undergraduate Medical Education (MD Program) and Doctorate in Philosophy Microbiology and Immunology,Bachelor's,Medicine,Non-Engineering
Undergraduate Medical Education (MD Program) and Doctorate in Philosophy Neuroscience,Bachelor's,Medicine,Non-Engineering
Undergraduate Medical Education (MD Program) and Doctorate in Philosophy Neuroscience and Specialization Human and Molecular Genetics,Bachelor's,Medicine,Non-Engineering
B.Sc. spécialisé Sciences et Baccalauréat en éducation - Cycles intermédiaire/supérieur,Bachelor's,Science,Non-Engineering
Bachelor of Science,Bachelor's,Science,Non-Engineering
Bachelor of Science with Double Minor,Bachelor's,Science,Non-Engineering
Bachelor of Science with Major,Bachelor's,Science,Non-Engineering
Bachelor of Science with Minor,Bachelor's,Science,Non-Engineering
Honours BSc Biochemistry,Bachelor's,Science,Non-Engineering
Honours BSc Biochemistry - Chemical Biology Option,Bachelor's,Science,Non-Engineering
Honours BSc Biochemistry - Microbiology and Immunology Option,Bachelor's,Science,Non-Engineering
Honours BSc Biochemistry - Synthetic Biology Option,Bachelor's,Science,Non-Engineering
Honours BSc Biochemistry and BASc Chemical Engineering (Biotechnology),Bachelor's,Science,Non-Engineering
Honours BSc Biology,Bachelor's,Science,Non-Engineering
Honours BSc Biology - Cellular Molecular Option,Bachelor's,Science,Non-Engineering
Honours BSc Biology - Ecology Evolution Behaviour Option,Bachelor's,Science,Non-Engineering
Honours BSc Biology - Physiology Option,Bachelor's,Science,Non-Engineering
Honours BSc Biology (Research Focus),Bachelor's,Science,Non-Engineering
Honours BSc Biology (Research Focus) - Cellular Molecular Option,Bachelor's,Science,Non-Engineering
Honours BSc Biology (Research Focus) - Ecology Evolution Behaviour Option,Bachelor's,Science,Non-Engineering
Honours BSc Biology (Research Focus) - Physiology Option,Bachelor's,Science,Non-Engineering
Honours BSc Biomedical Science,Bachelor's,Science,Non-Engineering
Honours BSc Biomedical Science - Bioanalytical Science Option,Bachelor's,Science,Non-Engineering
Honours BSc Biomedical Science - Biostatistics Option,Bachelor's,Science,Non-Engineering
Honours BSc Biomedical Science - Cellular and Molecular Medicine Option,Bachelor's,Science,Non-Engineering
Honours BSc Biomedical Science - Medicinal Chemistry Option,Bachelor's,Science,Non-Engineering
Honours BSc Biomedical Science - Neuroscience Option,Bachelor's,Science,Non-Engineering
Honours BSc Biomedical Science (Research Focus),Bachelor's,Science,Non-Engineering
Honours BSc Biomedical Science (Research Focus) - Bioanalytical Science Option,Bachelor's,Science,Non-Engineering
Honours BSc Biomedical Science (Research Focus) - Biostatistics Option,Bachelor's,Science,Non-Engineering
Honours BSc Biomedical Science (Research Focus) - Medicinal Chemistry Option,Bachelor's,Science,Non-Engineering
Honours BSc Biomedical Science (Research Focus) - Neuroscience Option,Bachelor's,Science,Non-Engineering
Honours BSc Biopharmaceutical Science,Bachelor's,Science,Non-Engineering
Honours BSc Chemistry,Bachelor's,Science,Non-Engineering
Honours BSc Chemistry - EcoChemistry Option,Bachelor's,Science,Non-Engineering
Honours BSc Chemistry - Option Advanced Materials,Bachelor's,Science,Non-Engineering
Honours BSc Environmental Geoscience,Bachelor's,Science,Non-Engineering
Honours BSc Environmental Science,Bachelor's,Science,Non-Engineering
Honours BSc Financial Mathematics and Economics,Bachelor's,Science,Non-Engineering
Honours BSc Geology,Bachelor's,Science,Non-Engineering
Honours BSc Geology-Physics,Bachelor's,Science,Non-Engineering
Honours BSc in Biology - Animal Physiology Option,Bachelor's,Science,Non-Engineering
Honours BSc in Biology - Plant Science Option,Bachelor's,Science,Non-Engineering
Honours BSc in Biology (Research Focus) - Animal Physiology Option,Bachelor's,Science,Non-Engineering
Honours BSc in Biology (Research Focus) - Plant Science Option,Bachelor's,Science,Non-Engineering
Honours BSc in Biomedical Science (Research Focus) - Cellular and Molecular Medicine Option,Bachelor's,Science,Non-Engineering
Honours BSc Mathematics,Bachelor's,Science,Non-Engineering
Honours BSc Mathematics and Honours BSc Computer Science (Data Science),Bachelor's,Science,Non-Engineering
Honours BSc Ophthalmic Medical Technology,Bachelor's,Science,Non-Engineering
Honours BSc Physics,Bachelor's,Science,Non-Engineering
Honours BSc Physics - Biological Physics Option,Bachelor's,Science,Non-Engineering
Honours BSc Physics - Photonics Option,Bachelor's,Science,Non-Engineering
Honours BSc Physics and BASc Electrical Engineering,Bachelor's,Science,Non-Engineering
Honours BSc Physics-Mathematics,Bachelor's,Science,Non-Engineering
Honours BSc Statistics,Bachelor's,Science,Non-Engineering
Joint Honours BSc in Computer Science and Mathematics,Bachelor's,Science,Non-Engineering
Joint Honours BSc in Mathematics and Economics,Bachelor's,Science,Non-Engineering
Joint Honours BSocSc in Mathematics and Economics,Bachelor's,Science,Non-Engineering
Bachelor of Social Sciences in Interdisciplinary Studies,Bachelor's,Social Sciences,Non-Engineering
Honours BA Psychology,Bachelor's,Social Sciences,Non-Engineering
Honours BSc Psychology,Bachelor's,Social Sciences,Non-Engineering
Honours BSocSc Anthropology,Bachelor's,Social Sciences,Non-Engineering
Honours BSocSc Conflict Studies and Human Rights,Bachelor's,Social Sciences,Non-Engineering
Honours BSocSc Criminology,Bachelor's,Social Sciences,Non-Engineering
Honours BSocSc Economics,Bachelor's,Social Sciences,Non-Engineering
Honours BSocSc Economics and Public Policy,Bachelor's,Social Sciences,Non-Engineering
Honours BSocSc Environmental Economics and Public Policy,Bachelor's,Social Sciences,Non-Engineering
Honours BSocSc International Development and Globalization,Bachelor's,Social Sciences,Non-Engineering
Honours BSocSc International Development and Globalization - In-depth Experiential Learning Stream (IELS),Bachelor's,Social Sciences,Non-Engineering
Honours BSocSc International Economics and Development,Bachelor's,Social Sciences,Non-Engineering
Honours BSocSc International Studies and Modern Languages,Bachelor's,Social Sciences,Non-Engineering
Honours BSocSc Political Science,Bachelor's,Social Sciences,Non-Engineering
Honours BSocSc Political Science and Juris Doctor (JD),Bachelor's,Social Sciences,Non-Engineering
Honours BSocSc Public Administration,Bachelor's,Social Sciences,Non-Engineering
Honours BSocSc Social Work,Bachelor's,Social Sciences,Non-Engineering
Honours BSocSc Sociology,Bachelor's,Social Sciences,Non-Engineering
Joint Honours BA in Communication and Political Science,Bachelor's,Social Sciences,Non-Engineering
Joint Honours BA in History and Political Science,Bachelor's,Social Sciences,Non-Engineering
Joint Honours BA in Philosophy and Political Science,Bachelor's,Social Sciences,Non-Engineering
Joint Honours BA in Psychology and Linguistics,Bachelor's,Social Sciences,Non-Engineering
Joint Honours BSc in Mathematics and Economics,Bachelor's,Social Sciences,Non-Engineering
Joint Honours BSocSc in Anthropology and Sociology,Bachelor's,Social Sciences,Non-Engineering
Joint Honours BSocSc in Communication and Political Science,Bachelor's,Social Sciences,Non-Engineering
Joint Honours BSocSc in Communication and Sociology,Bachelor's,Social Sciences,Non-Engineering
Joint Honours BSocSc in Criminology and in Feminist and Gender Studies,Bachelor's,Social Sciences,Non-Engineering
Joint Honours BSocSc in Economics and Political Science,Bachelor's,Social Sciences,Non-Engineering
Joint Honours BSocSc in Feminist and Gender Studies and in Political Science,Bachelor's,Social Sciences,Non-Engineering
Joint Honours BSocSc in Feminist and Gender Studies and in Sociology,Bachelor's,Social Sciences,Non-Engineering
Joint Honours BSocSc in History and Political Science,Bachelor's,Social Sciences,Non-Engineering
Joint Honours BSocSc in Mathematics and Economics,Bachelor's,Social Sciences,Non-Engineering
Joint Honours BSocSc in Philosophy and Political Science,Bachelor's,Social Sciences,Non-Engineering
Joint Honours BSocSc in Public Administration and Political Science,Bachelor's,Social Sciences,Non-Engineering
Licentiate in Law (LLL) and Honours BSocSc in International Development and Globalization,Bachelor's,Social Sciences,Non-Engineering
Certificat Rédaction professionnelle et édition,Certificate,Arts,Non-Engineering
Certificate Creative Writing,Certificate,Arts,Non-Engineering
Certificate Francophone Studies,Certificate,Arts,Non-Engineering
Certificate Piano Pedagogy,Certificate,Arts,Non-Engineering
Certificate Professional Writing,Certificate,Arts,Non-Engineering
Certificate translation English-French (Online),Certificate,Arts,Non-Engineering
Certificat/Baccalauréat en éducation - Éducation technologique,Certificate,Education,Non-Engineering
Indigenous Teacher Education Program - Certificate/BEd (Primary/Junior division),Certificate,Education,Non-Engineering
Certificate Indigenous Laws,Certificate,Law,Non-Engineering
Certificate Law,Certificate,Law,Non-Engineering
Certificate Human Resource Management,Certificate,Management (Telfer),Non-Engineering
Certificate Management,Certificate,Management (Telfer),Non-Engineering
Certificate Political Science,Certificate,Social Sciences,Non-Engineering
Doctorat en philosophie Lettres françaises,Doctorate,Arts,Non-Engineering
Doctorat en philosophie Lettres françaises et Spécialisation Études canadiennes,Doctorate,Arts,Non-Engineering
Doctorate in Philosophy Communication,Doctorate,Arts,Non-Engineering
Doctorate in Philosophy English Literature,Doctorate,Arts,Non-Engineering
Doctorate in Philosophy English Literature and Specialization Canadian Studies,Doctorate,Arts,Non-Engineering
Doctorate in Philosophy Geography and Specialization Canadian Studies,Doctorate,Arts,Non-Engineering
Doctorate in Philosophy History,Doctorate,Arts,Non-Engineering
Doctorate in Philosophy History and Specialization Canadian Studies,Doctorate,Arts,Non-Engineering
Doctorate in Philosophy in Geography,Doctorate,Arts,Non-Engineering
Doctorate in Philosophy in Spanish,Doctorate,Arts,Non-Engineering
Doctorate in Philosophy Interdisciplinary Research in Music,Doctorate,Arts,Non-Engineering
Doctorate in Philosophy Linguistics,Doctorate,Arts,Non-Engineering
Doctorate in Philosophy Linguistics and Specialization Canadian Studies,Doctorate,Arts,Non-Engineering
Doctorate in Philosophy Philosophy,Doctorate,Arts,Non-Engineering
Doctorate in Philosophy Philosophy and Specialization Canadian Studies,Doctorate,Arts,Non-Engineering
Doctorate in Philosophy Religious Studies,Doctorate,Arts,Non-Engineering
Doctorate in Philosophy Religious Studies and Specialization Canadian Studies,Doctorate,Arts,Non-Engineering
Doctorate in Philosophy Spanish and Specialization Canadian Studies,Doctorate,Arts,Non-Engineering
Doctorate in Philosophy Translation Studies,Doctorate,Arts,Non-Engineering
Doctorate in Philosophy Translation Studies and Specialization Canadian Studies,Doctorate,Arts,Non-Engineering
Doctorate in Philosophy Education,Doctorate,Education,Non-Engineering
Doctorate in Philosophy Education (Educational Counselling),Doctorate,Education,Non-Engineering
Doctorate in Philosophy Education (Health Professions Education),Doctorate,Education,Non-Engineering
Doctorate in Philosophy Education and Specialization Canadian Studies,Doctorate,Education,Non-Engineering
Doctorate in Philosophy Advanced Materials and Manufacturing,Doctorate,Engineering,Design
Doctorate in Philosophy Biomedical Engineering,Doctorate,Engineering,Design
Doctorate in Philosophy Biomedical Engineering and Specialization Bioinformatics,Doctorate,Engineering,Design
Doctorate in Philosophy Chemical Engineering,Doctorate,Engineering,Chemical
Doctorate in Philosophy Civil Engineering,Doctorate,Engineering,Civil
Doctorate in Philosophy Computer Science,Doctorate,Engineering,EECS
Doctorate in Philosophy Digital Transformation and Innovation,Doctorate,Engineering,Design
Doctorate in Philosophy Electrical and Computer Engineering,Doctorate,Engineering,EECS
Doctorate in Philosophy Environmental Engineering,Doctorate,Engineering,Design
Doctorate in Philosophy Mechanical Engineering,Doctorate,Engineering,Mechanical
Doctorate in Philosophy Human Kinetics,Doctorate,Health Sciences,Non-Engineering
Doctorate in Philosophy Human Kinetics and Specialization Canadian Studies,Doctorate,Health Sciences,Non-Engineering
Doctorate in Philosophy Nursing,Doctorate,Health Sciences,Non-Engineering
Doctorate in Philosophy Nursing - Distance Option,Doctorate,Health Sciences,Non-Engineering
Doctorate in Philosophy Population Health,Doctorate,Health Sciences,Non-Engineering
Doctorate in Philosophy Rehabilitation Sciences,Doctorate,Health Sciences,Non-Engineering
Doctorate in Philosophy Law,Doctorate,Law,Non-Engineering
Doctorate in Philosophy Management,Doctorate,Management (Telfer),Non-Engineering
Doctorate in Philosophy Biochemistry,Doctorate,Medicine,Non-Engineering
Doctorate in Philosophy Biochemistry and Specialization Bioinformatics,Doctorate,Medicine,Non-Engineering
Doctorate in Philosophy Biochemistry and Specialization Human and Molecular Genetics,Doctorate,Medicine,Non-Engineering
Doctorate in Philosophy Biochemistry and Specialization Pathology and Experimental Medicine,Doctorate,Medicine,Non-Engineering
Doctorate in Philosophy Cellular and Molecular Medecine and Specialization Bioinformatics,Doctorate,Medicine,Non-Engineering
Doctorate in Philosophy Cellular and Molecular Medicine,Doctorate,Medicine,Non-Engineering
Doctorate in Philosophy Cellular and Molecular Medicine and Specialization Human and Molecular Genetics,Doctorate,Medicine,Non-Engineering
Doctorate in Philosophy Cellular and Molecular Medicine and Specialization Pathology and Experimental Medicine,Doctorate,Medicine,Non-Engineering
Doctorate in philosophy Clinical Science and Translational Medicine,Doctorate,Medicine,Non-Engineering
Doctorate in Philosophy Epidemiology,Doctorate,Medicine,Non-Engineering
Doctorate in Philosophy Microbiology and Immunology,Doctorate,Medicine,Non-Engineering
Doctorate in Philosophy Microbiology and Immunology and Specialization Bioinformatics,Doctorate,Medicine,Non-Engineering
Doctorate in Philosophy Microbiology and Immunology and Specialization Pathology and Experimental Medicine,Doctorate,Medicine,Non-Engineering
Doctorate in Philosophy Neuroscience,Doctorate,Medicine,Non-Engineering
Doctorate in Philosophy Neuroscience and Specialization Human and Molecular Genetics,Doctorate,Medicine,Non-Engineering
Doctorate in Philosophy Neuroscience and Specialization Pathology and Experimental Medicine,Doctorate,Medicine,Non-Engineering
Honours Bachelor of Science in Translational and Molecular Medicine and Doctorate of Philosophy,Doctorate,Medicine,Non-Engineering
Undergraduate Medical Education (MD Program) and Doctorate in Philosophy Biochemistry,Doctorate,Medicine,Non-Engineering
Undergraduate Medical Education (MD Program) and Doctorate in Philosophy Biochemistry and Specialization Human and Molecular Genetics,Doctorate,Medicine,Non-Engineering
Undergraduate Medical Education (MD Program) and Doctorate in Philosophy Biology,Doctorate,Medicine,Non-Engineering
Undergraduate Medical Education (MD Program) and Doctorate in Philosophy Cellular and Molecular Medicine,Doctorate,Medicine,Non-Engineering
Undergraduate Medical Education (MD Program) and Doctorate in Philosophy Cellular and Molecular Medicine and Specialization Human and Molecular Genetics,Doctorate,Medicine,Non-Engineering
Undergraduate Medical Education (MD Program) and Doctorate in Philosophy Microbiology and Immunology,Doctorate,Medicine,Non-Engineering
Undergraduate Medical Education (MD Program) and Doctorate in Philosophy Neuroscience,Doctorate,Medicine,Non-Engineering
Undergraduate Medical Education (MD Program) and Doctorate in Philosophy Neuroscience and Specialization Human and Molecular Genetics,Doctorate,Medicine,Non-Engineering
Doctorate in Philosophy Biology,Doctorate,Science,Non-Engineering
Doctorate in Philosophy Biology and Specialization Bioinformatics,Doctorate,Science,Non-Engineering
Doctorate in Philosophy Biology and Specialization Chemical and Environmental Toxicology,Doctorate,Science,Non-Engineering
Doctorate in Philosophy Chemistry,Doctorate,Science,Non-Engineering
Doctorate in Philosophy Chemistry and Specialization Chemical and Environmental Toxicology,Doctorate,Science,Non-Engineering
Doctorate in Philosophy Chemistry Concentration in Biomolecular Sciences,Doctorate,Science,Non-Engineering
Doctorate in Philosophy Earth Sciences,Doctorate,Science,Non-Engineering
Doctorate in Philosophy Earth Sciences and Specialization Chemical and Environmental Toxicology,Doctorate,Science,Non-Engineering
Doctorate in Philosophy Mathematics and Statistics,Doctorate,Science,Non-Engineering
Doctorate in Philosophy Mathematics and Statistics and Specialization Bioinformatics,Doctorate,Science,Non-Engineering
Doctorate in Philosophy Physics,Doctorate,Science,Non-Engineering
Doctorate Environmental Sustainability,Doctorate,Social Sciences,Non-Engineering
Doctorate in Philosophy Anthropology,Doctorate,Social Sciences,Non-Engineering
Doctorate in Philosophy Criminology,Doctorate,Social Sciences,Non-Engineering
Doctorate in Philosophy Economics,Doctorate,Social Sciences,Non-Engineering
Doctorate in Philosophy Feminist and Gender Studies,Doctorate,Social Sciences,Non-Engineering
Doctorate in Philosophy International Development,Doctorate,Social Sciences,Non-Engineering
Doctorate in Philosophy Political Science,Doctorate,Social Sciences,Non-Engineering
Doctorate in Philosophy Political Science and Specialization Canadian Studies,Doctorate,Social Sciences,Non-Engineering
Doctorate in Philosophy Psychology,Doctorate,Social Sciences,Non-Engineering
Doctorate in Philosophy Psychology and Specialization Canadian Studies,Doctorate,Social Sciences,Non-Engineering
Doctorate in Philosophy Public Administration,Doctorate,Social Sciences,Non-Engineering
Doctorate in Philosophy Social Work,Doctorate,Social Sciences,Non-Engineering
Doctorate in Philosophy Sociology,Doctorate,Social Sciences,Non-Engineering
Doctorate in Philosophy Sociology and Specialization Canadian Studies,Doctorate,Social Sciences,Non-Engineering
B.A. spécialisé Lettres françaises et Baccalauréat en éducation,Dual Degrees,Arts,Non-Engineering
Bachelor of Music and Honours Bachelor of Science with Major,Dual Degrees,Arts,Non-Engineering
B.A. spécialisé Lettres françaises et Baccalauréat en éducation,Dual Degrees,Education,Non-Engineering
Baccalauréat spécialisé en sciences de l'activité physique - éducation et coaching et Formation à l'enseignement - Cycles intermédiaire/supérieur,Dual Degrees,Education,Non-Engineering
Baccalauréat spécialisé en sciences de l'activité physique - éducation et coaching et Formation à l'enseignement - Cycles moyen/intermédiaire,Dual Degrees,Education,Non-Engineering
Baccalauréat spécialisé en sciences de l'activité physique - éducation et coaching et Formation à l'enseignement - Cycles primaire/moyen,Dual Degrees,Education,Non-Engineering
BASc Biomedical Mechanical Engineering and BSc Computing Technology,Dual Degrees,Engineering,Mechanical
BASc Chemical Engineering and BSc Computing Technology,Dual Degrees,Engineering,EECS
BASc Civil Engineering and BSc Computing Technology,Dual Degrees,Engineering,Civil
BASc Electrical Engineering and BSc Computing Technology,Dual Degrees,Engineering,EECS
BASc Mechanical Engineering and BSc Computing Technology,Dual Degrees,Engineering,Mechanical
Honours BSc Biochemistry and BASc Chemical Engineering (Biotechnology),Dual Degrees,Engineering,Chemical
Honours BSc Mathematics and Honours BSc Computer Science (Data Science),Dual Degrees,Engineering,EECS
Honours BSc Physics and BASc Electrical Engineering,Dual Degrees,Engineering,EECS
Baccalauréat spécialisé en sciences de l'activité physique - éducation et coaching et Formation à l'enseignement - Cycles intermédiaire/supérieur,Dual Degrees,Health Sciences,Non-Engineering
Baccalauréat spécialisé en sciences de l'activité physique - éducation et coaching et Formation à l'enseignement - Cycles moyen/intermédiaire,Dual Degrees,Health Sciences,Non-Engineering
Baccalauréat spécialisé en sciences de l'activité physique - éducation et coaching et Formation à l'enseignement - Cycles primaire/moyen,Dual Degrees,Health Sciences,Non-Engineering
Honours Bachelor of Health Sciences - Population and Public Health Option and Master of Health Sciences Occupational Therapy,Dual Degrees,Health Sciences,Non-Engineering
Honours Bachelor of Health Sciences - Population and Public Health Option and Master of Health Sciences Physiotherapy,Dual Degrees,Health Sciences,Non-Engineering
Honours Bachelor of Health Sciences - Technologies and Innovation in Healthcare Option and Master of Health Sciences Occupational Therapy,Dual Degrees,Health Sciences,Non-Engineering
Honours Bachelor of Health Sciences - Technologies and Innovation in Healthcare Option and Master of Health Sciences Physiotherapy,Dual Degrees,Health Sciences,Non-Engineering
Honours Bachelor of Health Sciences and Master of Health Sciences Audiology,Dual Degrees,Health Sciences,Non-Engineering
Honours Bachelor of Health Sciences and Master of Health Sciences Occupational Therapy,Dual Degrees,Health Sciences,Non-Engineering
Honours Bachelor of Health Sciences and Master of Health Sciences Physiotherapy,Dual Degrees,Health Sciences,Non-Engineering
Honours Bachelor of Health Sciences and Master of Health Sciences Speech-Language Pathology,Dual Degrees,Health Sciences,Non-Engineering
Honours Bachelor of Human Kinetics and Master of Health Sciences Occupational Therapy,Dual Degrees,Health Sciences,Non-Engineering
Honours Bachelor of Human Kinetics and Master of Health Sciences Physiotherapy,Dual Degrees,Health Sciences,Non-Engineering
Honours Bachelor of Science in Human Kinetics and Master of Health Sciences Occupational Therapy,Dual Degrees,Health Sciences,Non-Engineering
Honours Bachelor of Science in Human Kinetics and Master of Health Sciences Physiotherapy,Dual Degrees,Health Sciences,Non-Engineering
Master of Science Nursing with Graduate Diploma Primary Health Care for Nurse Practitioners,Dual Degrees,Health Sciences,Non-Engineering
Honours Bachelor of Commerce and Juris Doctor,Dual Degrees,Law,Non-Engineering
Honours BSocSc Political Science and Juris Doctor (JD),Dual Degrees,Law,Non-Engineering
Joint Licenciate in Law (LLL) and Master of Business Administration (MBA),Dual Degrees,Law,Non-Engineering
Juris Doctor (JD) / Master of Arts (International Affairs) - Carleton University,Dual Degrees,Law,Non-Engineering
Juris Doctor (JD) / Master of Business Administration (MBA),Dual Degrees,Law,Non-Engineering
Licentiate in Law (LLL) and Honours BSocSc in International Development and Globalization,Dual Degrees,Law,Non-Engineering
Programme de droit canadien – Juris Doctor (J.D.) et Licence en droit (LL.L.),Dual Degrees,Law,Non-Engineering
Honours Bachelor of Commerce (Option in Accounting) and Master of Science in Management,Dual Degrees,Management (Telfer),Non-Engineering
Honours Bachelor of Commerce (Option in Business Technology Management) and Master of Science in Management,Dual Degrees,Management (Telfer),Non-Engineering
Honours Bachelor of Commerce (Option in Finance) and Master of Science in Management,Dual Degrees,Management (Telfer),Non-Engineering
Honours Bachelor of Commerce (Option in Healthcare Analytics) and Master of Science in Management,Dual Degrees,Management (Telfer),Non-Engineering
Honours Bachelor of Commerce (Option in Human Resource Management) and Master of Science in Management,Dual Degrees,Management (Telfer),Non-Engineering
Honours Bachelor of Commerce (Option in International Management) and Master of Science in Management,Dual Degrees,Management (Telfer),Non-Engineering
Honours Bachelor of Commerce (Option in Management) and Master of Science in Management,Dual Degrees,Management (Telfer),Non-Engineering
Honours Bachelor of Commerce (Option in Marketing) and Master of Science in Management,Dual Degrees,Management (Telfer),Non-Engineering
Honours Bachelor of Commerce and Juris Doctor,Dual Degrees,Management (Telfer),Non-Engineering
Honours Bachelor of Commerce in Accounting and Master of Science in Management,Dual Degrees,Management (Telfer),Non-Engineering
Joint Licenciate in Law (LLL) and Master of Business Administration (MBA),Dual Degrees,Management (Telfer),Non-Engineering
Honours Bachelor of Science in Translational and Molecular Medicine and Doctorate of Philosophy,Dual Degrees,Medicine,Non-Engineering
Honours Bachelor of Science in Translational and Molecular Medicine and Master of Science,Dual Degrees,Medicine,Non-Engineering
Undergraduate Medical Education (MD Program) and Doctorate in Philosophy Biochemistry,Dual Degrees,Medicine,Non-Engineering
Undergraduate Medical Education (MD Program) and Doctorate in Philosophy Biochemistry and Specialization Human and Molecular Genetics,Dual Degrees,Medicine,Non-Engineering
Undergraduate Medical Education (MD Program) and Doctorate in Philosophy Biology,Dual Degrees,Medicine,Non-Engineering
Undergraduate Medical Education (MD Program) and Doctorate in Philosophy Cellular and Molecular Medicine,Dual Degrees,Medicine,Non-Engineering
Undergraduate Medical Education (MD Program) and Doctorate in Philosophy Cellular and Molecular Medicine and Specialization Human and Molecular Genetics,Dual Degrees,Medicine,Non-Engineering
Undergraduate Medical Education (MD Program) and Doctorate in Philosophy Microbiology and Immunology,Dual Degrees,Medicine,Non-Engineering
Undergraduate Medical Education (MD Program) and Doctorate in Philosophy Neuroscience,Dual Degrees,Medicine,Non-Engineering
Undergraduate Medical Education (MD Program) and Doctorate in Philosophy Neuroscience and Specialization Human and Molecular Genetics,Dual Degrees,Medicine,Non-Engineering
Honours BSc Biochemistry and BASc Chemical Engineering (Biotechnology),Dual Degrees,Science,Non-Engineering
Honours BSc Mathematics and Honours BSc Computer Science (Data Science),Dual Degrees,Science,Non-Engineering
Honours BSc Physics and BASc Electrical Engineering,Dual Degrees,Science,Non-Engineering
Honours BSocSc Political Science and Juris Doctor (JD),Dual Degrees,Social Sciences,Non-Engineering
Licentiate in Law (LLL) and Honours BSocSc in International Development and Globalization,Dual Degrees,Social Sciences,Non-Engineering
Graduate Diploma Information Management,Graduate diplomas,Arts,Non-Engineering
Graduate Diploma Music Performance,Graduate diplomas,Arts,Non-Engineering
Graduate Diploma Music Performance (Online),Graduate diplomas,Arts,Non-Engineering
Graduate Diploma Piano Pedagogy Research,Graduate diplomas,Arts,Non-Engineering
Diplôme d’études supérieures Enseignement en santé,Graduate diplomas,Education,Non-Engineering
Graduate Diploma Health Professions Education (Online),Graduate diplomas,Education,Non-Engineering
Graduate Diploma Program Evaluation,Graduate diplomas,Education,Non-Engineering
Graduate Diploma Engineering Management (Online),Graduate diplomas,Engineering,Design
Graduate Diploma in Engineering Management,Graduate diplomas,Engineering,Design
Graduate Diploma Primary Health Care for Nurse Practitioners,Graduate diplomas,Health Sciences,Non-Engineering
Master of Science Nursing with Graduate Diploma Primary Health Care for Nurse Practitioners,Graduate diplomas,Health Sciences,Non-Engineering
Graduate Diploma Chartered Professional Accountancy,Graduate diplomas,Management (Telfer),Non-Engineering
Graduate Diploma Complex Project Leadership,Graduate diplomas,Management (Telfer),Non-Engineering
Graduate Diploma Leadership and Management,Graduate diplomas,Management (Telfer),Non-Engineering
Graduate Diploma Organizational Performance Management,Graduate diplomas,Management (Telfer),Non-Engineering
Graduate Diploma Scientific Management and Leadership,Graduate diplomas,Management (Telfer),Non-Engineering
Diplôme d’études supérieures Enseignement en santé,Graduate diplomas,Medicine,Non-Engineering
Graduate Diploma Population Health Risk Assessment and Management,Graduate diplomas,Medicine,Non-Engineering
Graduate Diploma Scientific Management and Leadership,Graduate diplomas,Science,Non-Engineering
Graduate Diploma Public Management and Governance,Graduate diplomas,Social Sciences,Non-Engineering
Honours Bachelor of Commerce and Juris Doctor,Juris Doctor,Law,Non-Engineering
Honours BSocSc Political Science and Juris Doctor (JD),Juris Doctor,Law,Non-Engineering
Juris Doctor (JD) / Master of Arts (International Affairs) - Carleton University,Juris Doctor,Law,Non-Engineering
Juris Doctor (JD) / Master of Business Administration (MBA),Juris Doctor,Law,Non-Engineering
Programme de droit canadien – Juris Doctor (J.D.) et Licence en droit (LL.L.),Juris Doctor,Law,Non-Engineering
Honours Bachelor of Commerce and Juris Doctor,Juris Doctor,Management (Telfer),Non-Engineering
Honours BSocSc Political Science and Juris Doctor (JD),Juris Doctor,Social Sciences,Non-Engineering
Joint Licenciate in Law (LLL) and Master of Business Administration (MBA),Licentiate,Law,Non-Engineering
Juris Doctor (JD),Licentiate,Law,Non-Engineering
Juris Doctor (JD) / American University Washington College of Law or Michigan State University College of Law) - Incoming,Licentiate,Law,Non-Engineering
Juris Doctor (JD) / American University Washington College of Law or Michigan State University College of Law) - Outgoing,Licentiate,Law,Non-Engineering
Licentiate in Law (LLL),Licentiate,Law,Non-Engineering
Licentiate in Law (LLL) and Honours BSocSc in International Development and Globalization,Licentiate,Law,Non-Engineering
Programme de droit canadien – Juris Doctor (J.D.) et Licence en droit (LL.L.),Licentiate,Law,Non-Engineering
Joint Licenciate in Law (LLL) and Master of Business Administration (MBA),Licentiate,Management (Telfer),Non-Engineering
Licentiate in Law (LLL) and Honours BSocSc in International Development and Globalization,Licentiate,Social Sciences,Non-Engineering
Majeure en lettres françaises,Major,Arts,Non-Engineering
Majeure en lettres françaises et Baccalauréat en éducation,Major,Arts,Non-Engineering
Major in Arabic Language and Culture,Major,Arts,Non-Engineering
Major in Art History,Major,Arts,Non-Engineering
Major in Communication,Major,Arts,Non-Engineering
Major in English,Major,Arts,Non-Engineering
Major in English as a Second Language (ESL),Major,Arts,Non-Engineering
Major in Environmental Studies,Major,Arts,Non-Engineering
Major in Environmental Studies (Bilingual Program),Major,Arts,Non-Engineering
Major in Ethics and Political Philosophy,Major,Arts,Non-Engineering
Major in French as a Second Language (FLS),Major,Arts,Non-Engineering
Major in French Studies,Major,Arts,Non-Engineering
Major in Geography,Major,Arts,Non-Engineering
Major in German Language and Culture,Major,Arts,Non-Engineering
Major in Greek and Roman Studies,Major,Arts,Non-Engineering
Major in History,Major,Arts,Non-Engineering
Major in Indigenous Studies,Major,Arts,Non-Engineering
Major in Italian Language and Culture,Major,Arts,Non-Engineering
Major in Linguistics,Major,Arts,Non-Engineering
Major in Medieval and Renaissance Studies,Major,Arts,Non-Engineering
Major in Music Studies,Major,Arts,Non-Engineering
Major in Philosophy,Major,Arts,Non-Engineering
Major in Physical Geography and Geomatics,Major,Arts,Non-Engineering
Major in Religious Studies,Major,Arts,Non-Engineering
Major in Russian Language and Culture,Major,Arts,Non-Engineering
Major in Second Language Teaching - Teaching English as a Second Language (ESL),Major,Arts,Non-Engineering
Major in Second Language Teaching - Teaching French as a Second Language (FLS),Major,Arts,Non-Engineering
Major in Spanish,Major,Arts,Non-Engineering
Major in Theatre,Major,Arts,Non-Engineering
Major in Visual Arts,Major,Arts,Non-Engineering
Major in World Cinemas,Major,Arts,Non-Engineering
Major in World Languages and Cultures,Major,Arts,Non-Engineering
Majeure en lettres françaises et Baccalauréat en éducation,Major,Education,Non-Engineering
Major in Computer Science,Major,Engineering,EECS
Major in Biochemistry,Major,Science,Non-Engineering
Major in Biology,Major,Science,Non-Engineering
Major in Chemistry,Major,Science,Non-Engineering
Major in Geology,Major,Science,Non-Engineering
Major in Life Sciences,Major,Science,Non-Engineering
Major in Mathematics,Major,Science,Non-Engineering
Major in Physics,Major,Science,Non-Engineering
Major in Statistics,Major,Science,Non-Engineering
Major in Anthropology,Major,Social Sciences,Non-Engineering
Major in Criminology,Major,Social Sciences,Non-Engineering
Major in Economics,Major,Social Sciences,Non-Engineering
Major in Feminist and Gender Studies,Major,Social Sciences,Non-Engineering
Major in Political Science,Major,Social Sciences,Non-Engineering
Major in Psychology,Major,Social Sciences,Non-Engineering
Major in Public Administration,Major,Social Sciences,Non-Engineering
Major in Sociology,Major,Social Sciences,Non-Engineering
Maîtrise ès arts Lettres françaises,Master's,Arts,Non-Engineering
Maîtrise ès arts Lettres françaises Spécialisation Études féministes et de genre,Master's,Arts,Non-Engineering
Maîtrise ès arts Lettres françaises Spécialisation Études médiévales et de la Renaissance,Master's,Arts,Non-Engineering
Master of Arts Bilingualism Studies,Master's,Arts,Non-Engineering
Master of Arts Classical Studies,Master's,Arts,Non-Engineering
Master of Arts Classical Studies and Specialization Medieval and Renaissance Studies,Master's,Arts,Non-Engineering
Master of Arts Communication,Master's,Arts,Non-Engineering
Master of Arts Communication and Specialization Science Society and Policy,Master's,Arts,Non-Engineering
Master of Arts English Literature,Master's,Arts,Non-Engineering
Master of Arts English Literature and Specialization Feminist and Gender Studies,Master's,Arts,Non-Engineering
Master of Arts English Literature and Specialization Medieval and Renaissance Studies,Master's,Arts,Non-Engineering
Master of Arts Geography and Specialization Science Society and Policy,Master's,Arts,Non-Engineering
Master of Arts in Contemporary Art Theory,Master's,Arts,Non-Engineering
Master of Arts in Geography,Master's,Arts,Non-Engineering
Master of Arts in History,Master's,Arts,Non-Engineering
Master of Arts in History and Specialization Feminist and Gender Studies,Master's,Arts,Non-Engineering
Master of Arts in History and Specialization Medieval and Renaissance Studies,Master's,Arts,Non-Engineering
Master of Arts Linguistics,Master's,Arts,Non-Engineering
Master of Arts Music,Master's,Arts,Non-Engineering
Master of Arts Music and Specialization Feminist and Gender Studies,Master's,Arts,Non-Engineering
Master of Arts Music and Specialization Medieval and Renaissance Studies,Master's,Arts,Non-Engineering
Master of Arts Philosophy,Master's,Arts,Non-Engineering
Master of Arts Philosophy and Specialization Feminist and Gender Studies,Master's,Arts,Non-Engineering
Master of Arts Philosophy and Specialization Medieval and Renaissance Studies,Master's,Arts,Non-Engineering
Master of Arts Religious Studies,Master's,Arts,Non-Engineering
Master of Arts Religious Studies and Specialization Feminist and Gender Studies,Master's,Arts,Non-Engineering
Master of Arts Religious Studies and Specialization Medieval and Renaissance Studies,Master's,Arts,Non-Engineering
Master of Arts Spanish,Master's,Arts,Non-Engineering
Master of Arts Spanish and Specialization Medieval and Renaissance Studies,Master's,Arts,Non-Engineering
Master of Arts Theatre,Master's,Arts,Non-Engineering
Master of Arts Theatre and Specialization Medieval and Renaissance Studies,Master's,Arts,Non-Engineering
Master of Arts Translation Studies,Master's,Arts,Non-Engineering
Master of Arts Translation Studies and Concentration Literary Translation,Master's,Arts,Non-Engineering
Master of Arts World Literatures and Cultures,Master's,Arts,Non-Engineering
Master of Communication,Master's,Arts,Non-Engineering
Master of Conference Interpreting,Master's,Arts,Non-Engineering
Master of Fine Arts Theatre Directing,Master's,Arts,Non-Engineering
Master of Fine Arts Visual Arts,Master's,Arts,Non-Engineering
Master of Information Studies (Bilingual),Master's,Arts,Non-Engineering
Master of Information Studies (Bilingual) and Specialization Science Society and Policy,Master's,Arts,Non-Engineering
Master of Music and Concentration Composition,Master's,Arts,Non-Engineering
Master of Music and Concentration Performance,Master's,Arts,Non-Engineering
Master of Science Geography,Master's,Arts,Non-Engineering
Master of Science Geography and Specialization Science Society and Policy,Master's,Arts,Non-Engineering
Master of Arts Education,Master's,Education,Non-Engineering
Master of Arts Education (Counselling Psychology),Master's,Education,Non-Engineering
Master of Arts Education (Health Professions Education),Master's,Education,Non-Engineering
Master of Arts Education and Specialization Feminist and Gender Studies,Master's,Education,Non-Engineering
Master of Education (Counselling Psychology),Master's,Education,Non-Engineering
Master of Education (Education in Minority Language Contexts and Inclusion),Master's,Education,Non-Engineering
Master of Education (Education in Minority Language Contexts and Inclusion) (Online),Master's,Education,Non-Engineering
Master of Education (Educational Leadership Policy and Evaluation) (Online),Master's,Education,Non-Engineering
Master of Education (Health Professions Education) (Online),Master's,Education,Non-Engineering
Master of Education (Second Language Education) (Online),Master's,Education,Non-Engineering
Master of Education (Societies Cultures and Languages),Master's,Education,Non-Engineering
Master of Education (Studies in Teaching and Learning),Master's,Education,Non-Engineering
Master of Education (Studies in Teaching and Learning) (Online),Master's,Education,Non-Engineering
Master of Applied Science Advanced Materials and Manufacturing,Master's,Engineering,Design
Master of Applied Science Biomedical Engineering,Master's,Engineering,Design
Master of Applied Science Biomedical Engineering and Specialization Bioinformatics,Master's,Engineering,Design
Master of Applied Science Chemical Engineering,Master's,Engineering,Chemical
Master of Applied Science Chemical Engineering and Specialization Science Society and Policy,Master's,Engineering,Chemical
Master of Applied Science Civil Engineering,Master's,Engineering,Civil
Master of Applied Science Civil Engineering and Concentration Sustainable and Resilient Infrastructure,Master's,Engineering,Civil
Master of Applied Science Civil Engineering and Specialization Science Society and Policy,Master's,Engineering,Civil
Master of Applied Science Electrical and Computer Engineering,Master's,Engineering,EECS
Master of Applied Science Electrical and Computer Engineering and Concentration Applied Artificial Intelligence,Master's,Engineering,EECS
Master of Applied Science Electrical and Computer Engineering and Specialization Science Society and Policy,Master's,Engineering,EECS
Master of Applied Science Environmental Engineering,Master's,Engineering,Design
Master of Applied Science Mechanical Engineering,Master's,Engineering,Mechanical
Master of Computer Science,Master's,Engineering,EECS
Master of Computer Science and Concentration Applied Artificial Intelligence,Master's,Engineering,EECS
Master of Computer Science and Specialization Bioinformatics,Master's,Engineering,EECS
Master of Digital Transformation and Innovation,Master's,Engineering,Design
Master of Digital Transformation and Innovation (Online),Master's,Engineering,Design
Master of Digital Transformation and Innovation and Concentration Applied Data Science,Master's,Engineering,Design
Master of Digital Transformation and Innovation Concentration UX Design,Master's,Engineering,Design
Master of Engineering Advanced Materials and Manufacturing,Master's,Engineering,Design
Master of Engineering Biomedical Engineering,Master's,Engineering,Design
Master of Engineering Biomedical Engineering and Concentration Clinical Engineering,Master's,Engineering,Design
Master of Engineering Chemical Engineering,Master's,Engineering,Chemical
Master of Engineering Civil Engineering,Master's,Engineering,Civil
Master of Engineering Electrical and Computer Engineering,Master's,Engineering,EECS
Master of Engineering Electrical and Computer Engineering and Concentration Applied Artificial Intelligence,Master's,Engineering,EECS
Master of Engineering Engineering Management,Master's,Engineering,Design
Master of Engineering Environmental Engineering,Master's,Engineering,Design
Master of Engineering in Entrepreneurial Engineering Design,Master's,Engineering,Design
Master of Engineering Management (Online),Master's,Engineering,Design
Master of Engineering Mechanical Engineering,Master's,Engineering,Mechanical
Master of Interdisciplinary Applied Artificial Intelligence (Online),Master's,Engineering,Design
Master of Science Digital Transformation and Innovation,Master's,Engineering,Design
Master of Science Systems Science and Engineering,Master's,Engineering,Design
Master of Science Systems Science and Engineering with Concentration in Interdisciplinary Artificial Intelligence,Master's,Engineering,Design
Master of Systems Science and Engineering,Master's,Engineering,Design
Master of Systems Science and Engineering with Concentration in Interdisciplinary Artificial Intelligence,Master's,Engineering,Design
Honours Bachelor of Health Sciences - Population and Public Health Option and Master of Health Sciences Occupational Therapy,Master's,Health Sciences,Non-Engineering
Honours Bachelor of Health Sciences - Population and Public Health Option and Master of Health Sciences Physiotherapy,Master's,Health Sciences,Non-Engineering
Honours Bachelor of Health Sciences - Technologies and Innovation in Healthcare Option and Master of Health Sciences Occupational Therapy,Master's,Health Sciences,Non-Engineering
Honours Bachelor of Health Sciences - Technologies and Innovation in Healthcare Option and Master of Health Sciences Physiotherapy,Master's,Health Sciences,Non-Engineering
Honours Bachelor of Health Sciences and Master of Health Sciences Audiology,Master's,Health Sciences,Non-Engineering
Honours Bachelor of Health Sciences and Master of Health Sciences Occupational Therapy,Master's,Health Sciences,Non-Engineering
Honours Bachelor of Health Sciences and Master of Health Sciences Physiotherapy,Master's,Health Sciences,Non-Engineering
Honours Bachelor of Health Sciences and Master of Health Sciences Speech-Language Pathology,Master's,Health Sciences,Non-Engineering
Honours Bachelor of Human Kinetics and Master of Health Sciences Occupational Therapy,Master's,Health Sciences,Non-Engineering
Honours Bachelor of Human Kinetics and Master of Health Sciences Physiotherapy,Master's,Health Sciences,Non-Engineering
Honours Bachelor of Science in Human Kinetics and Master of Health Sciences Occupational Therapy,Master's,Health Sciences,Non-Engineering
Honours Bachelor of Science in Human Kinetics and Master of Health Sciences Physiotherapy,Master's,Health Sciences,Non-Engineering
Master of Arts Human Kinetics,Master's,Health Sciences,Non-Engineering
Master of Arts Human Kinetics with Specialization Feminist and Gender Studies,Master's,Health Sciences,Non-Engineering
Master of Health Sciences Audiology,Master's,Health Sciences,Non-Engineering
Master of Health Sciences Occupational Therapy,Master's,Health Sciences,Non-Engineering
Master of Health Sciences Physiotherapy,Master's,Health Sciences,Non-Engineering
Master of Health Sciences Speech-Language Pathology,Master's,Health Sciences,Non-Engineering
Master of Human Kinetics with Concentration Mental Performance Consulting,Master's,Health Sciences,Non-Engineering
Master of Human Kinetics with Concentration Sport Management,Master's,Health Sciences,Non-Engineering
Master of Science Human Kinetics,Master's,Health Sciences,Non-Engineering
Master of Science Interdisciplinary Health Sciences,Master's,Health Sciences,Non-Engineering
Master of Science Nursing,Master's,Health Sciences,Non-Engineering
Master of Science Nursing - Distance Option,Master's,Health Sciences,Non-Engineering
Master of Science Nursing and Specialization Feminist and Gender Studies,Master's,Health Sciences,Non-Engineering
Master of Science Nursing with Graduate Diploma Primary Health Care for Nurse Practitioners,Master's,Health Sciences,Non-Engineering
Master of Science Nutrition and Food Biosciences,Master's,Health Sciences,Non-Engineering
Joint Licenciate in Law (LLL) and Master of Business Administration (MBA),Master's,Law,Non-Engineering
Juris Doctor (JD) / Master of Arts (International Affairs) - Carleton University,Master's,Law,Non-Engineering
Juris Doctor (JD) / Master of Business Administration (MBA),Master's,Law,Non-Engineering
Master of Laws (LLM),Master's,Law,Non-Engineering
Master of Laws (LLM) and Concentration Global Sustainability and Environmental Law,Master's,Law,Non-Engineering
Master of Laws (LLM) and Concentration Health Law Policy and Ethics,Master's,Law,Non-Engineering
Master of Laws (LLM) and Concentration International Humanitarian and Security Law,Master's,Law,Non-Engineering
Master of Laws (LLM) and Concentration International Trade and Foreign Investment,Master's,Law,Non-Engineering
Master of Laws (LLM) and Concentration Law and Social Justice,Master's,Law,Non-Engineering
Master of Laws (LLM) and Concentration Law and Technology,Master's,Law,Non-Engineering
Master of Laws (LLM) and Concentration Legislative Studies,Master's,Law,Non-Engineering
Master of Laws (LLM) and Concentration Notarial Law,Master's,Law,Non-Engineering
Master of Laws (LLM) and Specialization Feminist and Gender Studies,Master's,Law,Non-Engineering
Executive Master of Health Administration (EMHA) (Online),Master's,Management (Telfer),Non-Engineering
Honours Bachelor of Commerce (Option in Accounting) and Master of Science in Management,Master's,Management (Telfer),Non-Engineering
Honours Bachelor of Commerce (Option in Business Technology Management) and Master of Science in Management,Master's,Management (Telfer),Non-Engineering
Honours Bachelor of Commerce (Option in Finance) and Master of Science in Management,Master's,Management (Telfer),Non-Engineering
Honours Bachelor of Commerce (Option in Healthcare Analytics) and Master of Science in Management,Master's,Management (Telfer),Non-Engineering
Honours Bachelor of Commerce (Option in Human Resource Management) and Master of Science in Management,Master's,Management (Telfer),Non-Engineering
Honours Bachelor of Commerce (Option in International Management) and Master of Science in Management,Master's,Management (Telfer),Non-Engineering
Honours Bachelor of Commerce (Option in Management) and Master of Science in Management,Master's,Management (Telfer),Non-Engineering
Honours Bachelor of Commerce (Option in Marketing) and Master of Science in Management,Master's,Management (Telfer),Non-Engineering
Honours Bachelor of Commerce in Accounting and Master of Science in Management,Master's,Management (Telfer),Non-Engineering
Joint Licenciate in Law (LLL) and Master of Business Administration (MBA),Master's,Management (Telfer),Non-Engineering
Master of Business Administration (MBA),Master's,Management (Telfer),Non-Engineering
Master of Business Complex Project Leadership,Master's,Management (Telfer),Non-Engineering
Master of Health Administration (MHA),Master's,Management (Telfer),Non-Engineering
Master of Science Health Systems,Master's,Management (Telfer),Non-Engineering
Master of Science in Management,Master's,Management (Telfer),Non-Engineering
Honours Bachelor of Science in Translational and Molecular Medicine and Master of Science,Master's,Medicine,Non-Engineering
Master of Applied Science Anatomical Sciences Education,Master's,Medicine,Non-Engineering
Master of Public Health Concentration in Public Health Practice,Master's,Medicine,Non-Engineering
Master of Public Health Concentration in Global Health,Master's,Medicine,Non-Engineering
Master of Public Health Concentration in Public Health Policy,Master's,Medicine,Non-Engineering
Master of Science Biochemistry,Master's,Medicine,Non-Engineering
Master of Science Biochemistry and Specialization Bioinformatics,Master's,Medicine,Non-Engineering
Master of Science Biochemistry and Specialization Human and Molecular Genetics,Master's,Medicine,Non-Engineering
Master of Science Biochemistry and Specialization Pathology and Experimental Medicine,Master's,Medicine,Non-Engineering
Master of Science Cellular and Molecular Medicine,Master's,Medicine,Non-Engineering
Master of Science Cellular and Molecular Medicine and Specialization Bioinformatics,Master's,Medicine,Non-Engineering
Master of Science Cellular and Molecular Medicine and Specialization Human and Molecular Genetics,Master's,Medicine,Non-Engineering
Master of Science Cellular and Molecular Medicine and Specialization Pathology and Experimental Medicine,Master's,Medicine,Non-Engineering
Master of Science Clinical Science and Translational Medicine,Master's,Medicine,Non-Engineering
Master of Science Epidemiology,Master's,Medicine,Non-Engineering
Master of Science Epidemiology and Specialization Biostatistics,Master's,Medicine,Non-Engineering
Master of Science Microbiology and Immunology,Master's,Medicine,Non-Engineering
Master of Science Microbiology and Immunology and Specialization Bioinformatics,Master's,Medicine,Non-Engineering
Master of Science Microbiology and Immunology and Specialization Pathology and Experimental Medicine,Master's,Medicine,Non-Engineering
Master of Science Neuroscience,Master's,Medicine,Non-Engineering
Master of Science Neuroscience and Specialization Human and Molecular Genetics,Master's,Medicine,Non-Engineering
Master of Science Neuroscience and Specialization Pathology and Experimental Medicine,Master's,Medicine,Non-Engineering
Master of Science Biology,Master's,Science,Non-Engineering
Master of Science Biology and Specialization Bioinformatics,Master's,Science,Non-Engineering
Master of Science Biology and Specialization Chemical and Environmental Toxicology,Master's,Science,Non-Engineering
Master of Science Biology and Specialization Science Society and Policy,Master's,Science,Non-Engineering
Master of Science Chemistry,Master's,Science,Non-Engineering
Master of Science Chemistry and Specialization Chemical and Environmental Toxicology,Master's,Science,Non-Engineering
Master of Science Chemistry and Specialization Science Society and Policy,Master's,Science,Non-Engineering
Master of Science Chemistry Concentration in Biomolecular Science,Master's,Science,Non-Engineering
Master of Science Earth Sciences,Master's,Science,Non-Engineering
Master of Science Earth Sciences and Specialization Chemical and Environmental Toxicology,Master's,Science,Non-Engineering
Master of Science Earth Sciences and Specialization Science Society and Policy,Master's,Science,Non-Engineering
Master of Science Mathematics and Statistics and Concentration Mathematics,Master's,Science,Non-Engineering
Master of Science Mathematics and Statistics and Concentration Statistics,Master's,Science,Non-Engineering
Master of Science Mathematics and Statistics and Specialization Bioinformatics,Master's,Science,Non-Engineering
Master of Science Mathematics and Statistics and Specialization Biostatistics,Master's,Science,Non-Engineering
Master of Science Physics,Master's,Science,Non-Engineering
Master of Science Physics and Concentration Quantum Science,Master's,Science,Non-Engineering
Master of Science Physics and Specialization Science Society and Policy,Master's,Science,Non-Engineering
Master of Arts Anthropology,Master's,Social Sciences,Non-Engineering
Master of Arts Criminology,Master's,Social Sciences,Non-Engineering
Master of Arts Criminology and Specialization Feminist and Gender Studies,Master's,Social Sciences,Non-Engineering
Master of Arts Economics,Master's,Social Sciences,Non-Engineering
Master of Arts Experimental Psychology,Master's,Social Sciences,Non-Engineering
Master of Arts Feminist and Gender Studies,Master's,Social Sciences,Non-Engineering
Master of Arts in Psychedelics and Consciousness Studies,Master's,Social Sciences,Non-Engineering
Master of Arts in Security and Defence Studies,Master's,Social Sciences,Non-Engineering
Master of Arts International Development and Globalization,Master's,Social Sciences,Non-Engineering
Master of Arts International Development and Globalization and Specialization Feminist and Gender Studies,Master's,Social Sciences,Non-Engineering
Master of Arts Political Science,Master's,Social Sciences,Non-Engineering
Master of Arts Political Science and Specialization Feminist and Gender Studies,Master's,Social Sciences,Non-Engineering
Master of Arts Public Administration,Master's,Social Sciences,Non-Engineering
Master of Arts Public Administration and Specialization Feminist and Gender Studies,Master's,Social Sciences,Non-Engineering
Master of Arts Public Administration and Specialization in Science Society and Policy,Master's,Social Sciences,Non-Engineering
Master of Arts Public and International Affairs,Master's,Social Sciences,Non-Engineering
Master of Arts Public and International Affairs and Specialization Science Society and Policy,Master's,Social Sciences,Non-Engineering
Master of Arts Sociology,Master's,Social Sciences,Non-Engineering
Master of Arts Sociology and Specialization Feminist and Gender Studies,Master's,Social Sciences,Non-Engineering
Master of Science Environmental Sustainability,Master's,Social Sciences,Non-Engineering
Master of Social Work,Master's,Social Sciences,Non-Engineering
Microprogram Animal Studies,Microprogram,Arts,Non-Engineering
Microprogram Anthropocene,Microprogram,Arts,Non-Engineering
Microprogram Anthropocene,Microprogram,Arts,Non-Engineering
Microprogram Arts Administration,Microprogram,Arts,Non-Engineering
Microprogram Composing for Media,Microprogram,Arts,Non-Engineering
Microprogram Creative Writing,Microprogram,Arts,Non-Engineering
Microprogram Digital Cultures,Microprogram,Arts,Non-Engineering
Microprogram English as a Second Language (ESL),Microprogram,Arts,Non-Engineering
Microprogram Entrepreneurship Creativity and Social Innovation,Microprogram,Arts,Non-Engineering
Microprogram Environmental Data Science,Microprogram,Arts,Non-Engineering
Microprogram French and Ancient Literature,Microprogram,Arts,Non-Engineering
Microprogram French as a Second Language (FLS),Microprogram,Arts,Non-Engineering
Microprogram Geomatics,Microprogram,Arts,Non-Engineering
Microprogram Greek Philosophy,Microprogram,Arts,Non-Engineering
Microprogram Mindfulness and Contemplative Science,Microprogram,Arts,Non-Engineering
Microprogram Professional Editing,Microprogram,Arts,Non-Engineering
Microprogram Professional Writing,Microprogram,Arts,Non-Engineering
Microprogram Psychedelics and Spirituality Studies,Microprogram,Arts,Non-Engineering
Microprogram Urban Studies,Microprogram,Arts,Non-Engineering
Microprogram Vered Jewish Canadian Studies,Microprogram,Arts,Non-Engineering
Microprogram Program Evaluation in Professional Contexts,Microprogram,Education,Non-Engineering
Microprogram Science Education,Microprogram,Education,Non-Engineering
Microprogram Cybersecurity,Microprogram,Engineering,EECS
Microprogram Interdisciplinary Artificial Intelligence,Microprogram,Engineering,Design
Microprogram Law and Technology,Microprogram,Law,Non-Engineering
Microprogram Capital Markets,Microprogram,Management (Telfer),Non-Engineering
Microprogram Complex Project and Procurement Leadership,Microprogram,Management (Telfer),Non-Engineering
Microprogram Entrepreneurship,Microprogram,Management (Telfer),Non-Engineering
Microprogram in Product Management and Business Analytics,Microprogram,Management (Telfer),Non-Engineering
Microprogram in Strategy and Resource Leadership,Microprogram,Management (Telfer),Non-Engineering
Microprogram Management Consulting,Microprogram,Management (Telfer),Non-Engineering
Microprogram Biomanufacturing,Microprogram,Medicine,Non-Engineering
Microprogram Introduction to Health Education,Microprogram,Medicine,Non-Engineering
Microprogram Simulation of Health Education,Microprogram,Medicine,Non-Engineering
Microprogram in Science Entrepreneurship,Microprogram,Science,Non-Engineering
Microprogram in Science Policy,Microprogram,Science,Non-Engineering
Microprogram Science Communication,Microprogram,Science,Non-Engineering
Microprogram Advanced analysis of qualitative and quantitative data,Microprogram,Social Sciences,Non-Engineering
Microprogram Aging Studies,Microprogram,Social Sciences,Non-Engineering
Microprogram Data analysis for public policy: Leveraging data to solve challenges,Microprogram,Social Sciences,Non-Engineering
Microprogram Development of Indigenous Family-Childhood Services – Foundations for Practice,Microprogram,Social Sciences,Non-Engineering
Microprogram Ethics and Politics of Cultural Heritage,Microprogram,Social Sciences,Non-Engineering
Microprogram Evaluation of Social and Health Programs and Policies,Microprogram,Social Sciences,Non-Engineering
Microprogram Governance and Public Management,Microprogram,Social Sciences,Non-Engineering
Microprogram Governance and Public Policy Analysis,Microprogram,Social Sciences,Non-Engineering
Microprogram Health Workforce Studies,Microprogram,Social Sciences,Non-Engineering
Microprogram in Environmental Economics and Public Policy,Microprogram,Social Sciences,Non-Engineering
Microprogram in International Economics and Development,Microprogram,Social Sciences,Non-Engineering
Microprogram in Psychedelic Science,Microprogram,Social Sciences,Non-Engineering
Microprogram Methodology applied to the professional context,Microprogram,Social Sciences,Non-Engineering
Microprogram Politics of Transnational and Global Issues,Microprogram,Social Sciences,Non-Engineering
Microprogram Survey Research and Public Opinion,Microprogram,Social Sciences,Non-Engineering
Microprogram Vitalities? Anthropological Approaches,Microprogram,Social Sciences,Non-Engineering
Advanced Minor in English as a Second Language (ESL),Minor,Arts,Non-Engineering
Advanced Minor in French as a Second Language (FLS),Minor,Arts,Non-Engineering
Mineure en écriture et style,Minor,Arts,Non-Engineering
Mineure en lettres françaises,Minor,Arts,Non-Engineering
Mineure en rédaction professionnelle et édition,Minor,Arts,Non-Engineering
Mineure en traduction vers le français,Minor,Arts,Non-Engineering
Minor in Animal Studies,Minor,Arts,Non-Engineering
Minor in Applied Ethics,Minor,Arts,Non-Engineering
Minor in Arabic Language and Culture,Minor,Arts,Non-Engineering
Minor in Art History,Minor,Arts,Non-Engineering
Minor in Asian Studies,Minor,Arts,Non-Engineering
Minor in Canadian Studies,Minor,Arts,Non-Engineering
Minor in Celtic Studies,Minor,Arts,Non-Engineering
Minor in Communication,Minor,Arts,Non-Engineering
Minor in Creative Writing,Minor,Arts,Non-Engineering
Minor in Digital Cultures,Minor,Arts,Non-Engineering
Minor in English,Minor,Arts,Non-Engineering
Minor in English as a Second Language (ESL),Minor,Arts,Non-Engineering
Minor in Environmental Studies,Minor,Arts,Non-Engineering
Minor in Environmental Studies (Bilingual Program),Minor,Arts,Non-Engineering
Minor in Francophone Studies,Minor,Arts,Non-Engineering
Minor in French as a Second Language (FLS),Minor,Arts,Non-Engineering
Minor in Geography,Minor,Arts,Non-Engineering
Minor in Geomatics and Spatial Analysis,Minor,Arts,Non-Engineering
Minor in German Language and Culture,Minor,Arts,Non-Engineering
Minor in Greek and Roman Studies,Minor,Arts,Non-Engineering
Minor in History,Minor,Arts,Non-Engineering
Minor in Indigenous Studies,Minor,Arts,Non-Engineering
Minor in Italian Language and Culture,Minor,Arts,Non-Engineering
Minor in Latin American Studies,Minor,Arts,Non-Engineering
Minor in Linguistics,Minor,Arts,Non-Engineering
Minor in Medieval and Renaissance Studies,Minor,Arts,Non-Engineering
Minor in Music,Minor,Arts,Non-Engineering
Minor in Philosophy,Minor,Arts,Non-Engineering
Minor in Professional Writing,Minor,Arts,Non-Engineering
Minor in Religious Studies,Minor,Arts,Non-Engineering
Minor in Russian Language and Culture,Minor,Arts,Non-Engineering
Minor in Spanish,Minor,Arts,Non-Engineering
Minor in Theatre,Minor,Arts,Non-Engineering
Minor in Translation into English,Minor,Arts,Non-Engineering
Minor in World Cinemas,Minor,Arts,Non-Engineering
Minor in Computer Science,Minor,Engineering,EECS
Minor in Computer Science for Scientists,Minor,Engineering,EECS
Minor in Health Sciences,Minor,Health Sciences,Non-Engineering
Minor in Studies of Social Issues in Sport Physical Activity and Leisure,Minor,Health Sciences,Non-Engineering
Minor in Law,Minor,Law,Non-Engineering
Minor in Entrepreneurship,Minor,Management (Telfer),Non-Engineering
Minor in Management,Minor,Management (Telfer),Non-Engineering
Minor in Biochemistry,Minor,Science,Non-Engineering
Minor in Biology,Minor,Science,Non-Engineering
Minor in Biophysics,Minor,Science,Non-Engineering
Minor in Chemistry,Minor,Science,Non-Engineering
Minor in Geology,Minor,Science,Non-Engineering
Minor in Life Sciences,Minor,Science,Non-Engineering
Minor in Mathematics,Minor,Science,Non-Engineering
Minor in Physics,Minor,Science,Non-Engineering
Minor in Statistics,Minor,Science,Non-Engineering
Minor in African Studies,Minor,Social Sciences,Non-Engineering
Minor in Aging Studies,Minor,Social Sciences,Non-Engineering
Minor in Anthropology,Minor,Social Sciences,Non-Engineering
Minor in Conflict Studies and Human Rights,Minor,Social Sciences,Non-Engineering
Minor in Criminology,Minor,Social Sciences,Non-Engineering
Minor in Economics,Minor,Social Sciences,Non-Engineering
Minor in Feminist and Gender Studies,Minor,Social Sciences,Non-Engineering
Minor in Global Studies,Minor,Social Sciences,Non-Engineering
Minor in Political Science,Minor,Social Sciences,Non-Engineering
Minor in Psychology,Minor,Social Sciences,Non-Engineering
Minor in Public Administration,Minor,Social Sciences,Non-Engineering
Minor in Social Impact,Minor,Social Sciences,Non-Engineering
Minor in Social Sciences of Health,Minor,Social Sciences,Non-Engineering
Minor in Social Work,Minor,Social Sciences,Non-Engineering
Minor in Sociology,Minor,Social Sciences,Non-Engineering
Certificate translation English-French (Online),Online,Arts,Non-Engineering
Graduate Diploma Music Performance (Online),Online,Arts,Non-Engineering
Master of Education (Education in Minority Language Contexts and Inclusion) (Online),Online,Education,Non-Engineering
Master of Education (Educational Leadership Policy and Evaluation) (Online),Online,Education,Non-Engineering
Master of Education (Second Language Education) (Online),Online,Education,Non-Engineering
Master of Education (Studies in Teaching and Learning) (Online),Online,Education,Non-Engineering
Graduate Diploma Engineering Management (Online),Online,Engineering,Design
Master of Digital Transformation and Innovation (Online),Online,Engineering,Design
Master of Engineering Management (Online),Online,Engineering,Design
Master of Interdisciplinary Applied Artificial Intelligence (Online),Online,Engineering,Design
Doctorate in Philosophy Nursing - Distance Option,Online,Health Sciences,Non-Engineering
Master of Science Nursing - Distance Option,Online,Health Sciences,Non-Engineering
Certificate Law,Online,Law,Non-Engineering
Minor in Law,Online,Law,Non-Engineering
Executive Master of Health Administration (EMHA) (Online),Online,Management (Telfer),Non-Engineering
African Studies Option,Option,Social Sciences,Non-Engineering